backend,model_format,batch_size,threads,avg_latency_ms,p50_latency_ms,p95_latency_ms,p99_latency_ms,throughput_qps,memory_mb,model_size_mb
ONNX Runtime,INT8,1,4,105.47973600012483,105.03619999872171,116.02027000044473,124.40179100143725,9.480493959511016,0.01171875,3.4490394592285156
