backend,model_format,batch_size,threads,avg_latency_ms,p50_latency_ms,p95_latency_ms,p99_latency_ms,throughput_qps,memory_mb,model_size_mb
ONNX Runtime,FP32,1,1,9.609789000005549,9.638500000619388,10.708884999166912,11.585308000030636,104.06055741696541,0.015625,13.32734489440918
