backend,model_format,batch_size,threads,avg_latency_ms,p50_latency_ms,p95_latency_ms,p99_latency_ms,throughput_qps,memory_mb,model_size_mb
ONNX Runtime,FP32,1,8,4.4589250000535685,3.4464000000298256,7.1882899999764005,20.81275300010025,224.26930257584198,0.0078125,13.32734489440918
