backend,model_format,batch_size,threads,avg_latency_ms,p50_latency_ms,p95_latency_ms,p99_latency_ms,throughput_qps,memory_mb,model_size_mb
ONNX Runtime,FP32,8,4,50.698019000992645,50.11699999886332,55.705955006123986,58.39052600131255,157.79709262098316,4.9140625,13.32734489440918
