backend,model_format,batch_size,threads,avg_latency_ms,p50_latency_ms,p95_latency_ms,p99_latency_ms,throughput_qps,memory_mb,model_size_mb
ONNX Runtime,FP32,1,1,9.98980299991672,9.909250000418979,11.021739998795963,13.507414001505824,100.10207408577892,0.015625,0.26681041717529297
