backend,model_format,batch_size,threads,avg_latency_ms,p50_latency_ms,p95_latency_ms,p99_latency_ms,throughput_qps,memory_mb,model_size_mb
ONNX Runtime,FP32,1,4,7.423821999691427,7.161050001741387,9.356169994134689,11.480378989217582,134.70150551044534,5.578125,13.32734489440918
