backend,model_format,batch_size,threads,avg_latency_ms,p50_latency_ms,p95_latency_ms,p99_latency_ms,throughput_qps,memory_mb,model_size_mb
ONNX Runtime,INT8,1,1,176.09383399991202,172.89709999931802,196.88753500249732,224.23642100002334,5.678790547546938,-0.4921875,3.4490394592285156
