backend,model_format,batch_size,threads,avg_latency_ms,p50_latency_ms,p95_latency_ms,p99_latency_ms,throughput_qps,memory_mb,model_size_mb
ONNX Runtime,FP32,1,2,5.525977999805036,5.030349999287864,8.287194999866186,9.316634999122474,180.96344213373294,0.01171875,13.32734489440918
