backend,model_format,batch_size,avg_latency_ms,p50_latency_ms,p95_latency_ms,p99_latency_ms,throughput_qps,memory_mb,model_size_mb
TorchScript,FP32,1,20.113715000625234,19.500000002153683,24.776640008349204,26.146023990586404,49.71731974769032,0.00390625,
